Model,ROC-AUC
XGBoost,0.8538461538461539
Random Forest,0.8384615384615384
Logistic Regression,0.7461538461538462
