Feature,Importance
PC1_squared,0.24280796215633366
PC1_hier,0.24130892450309635
PC1_x_PC2,0.18441830075837654
PC2_hier,0.1672234135184203
PC3_hier,0.1642413990637732
