Model,ROC-AUC
XGBoost,0.8482142857142857
Random Forest,0.7767857142857143
Logistic Regression,0.45535714285714285
