Feature,Importance
PC1_squared,0.23499360360884533
PC1_hier,0.21523731568252386
PC3_hier,0.2119274786432098
PC2_hier,0.18094059005250526
PC1_x_PC2,0.15690101201291576
