Model,R²,Adjusted R²,RMSE
PC1 only,0.1488302132865469,,168.8896705320471
PC1-PC3 (Multi),0.14950809189076064,0.126312858033236,168.8224045766931
