Degree,R²,Features
1,0.1386638350723962,1
2,0.23346256834188506,2
3,0.26424398750394174,3
4,0.2702258183858468,4
