Model,AUC
Baseline,0.5050420168067227
+ Warfare,0.6008403361344538
+ Religion,0.6058823529411765
XGBoost,0.5739495798319327
