Model,AUC
Baseline,0.7144970414201184
+ Warfare,0.6849112426035503
+ Religion,0.7514792899408285
XGBoost,0.6420118343195267
