Feature,Importance
ideol_score,0.15939666410144568
PC1_hier,0.1274592039633765
PC3_hier,0.11173591221360482
PC1_squared,0.09831516862163751
PC1_x_PC2,0.09496244504990185
PC2_hier,0.09436879638716117
moral_score,0.08014682489716624
weapons_count,0.06506266565269547
total_warfare_tech,0.062212976296946776
armor_count,0.04742267675839502
cavalry_count,0.029510579859762985
legit_score,0.029406086197905995
