Model,Metric,Value,Std
Cox PH,C-index,0.6307742054693274,
Random Forest,AUC,0.6878698224852071,0.06481329553877573
